run_id	metric	Job display name	value
caecc06d-a6f1-41d8-9425-6d613fc6e850	Accuracy	0	0.9050445103857567
caecc06d-a6f1-41d8-9425-6d613fc6e850	AUC	0	0.9363700564971751
caecc06d-a6f1-41d8-9425-6d613fc6e850	F1 Score	0	0.9144385026737969
caecc06d-a6f1-41d8-9425-6d613fc6e850	Precision	0	0.868020304568528
caecc06d-a6f1-41d8-9425-6d613fc6e850	Recall	0	0.9661016949152542